{"Avg_metrics_name": ["mIoU", "Overall Accuracy", "Fscore", "Precision", "Recall"], "Avg_metrics": [48.23599815368652, 96.47199630737305, 49.10216118354406, 48.23599815368652, 50.0], "classes": ["parking", "other"], "per_class_iou": [0.0, 96.47199630737305], "per_class_fscore": [0.0, 98.20432236708812], "per_class_precision": [0.0, 96.47199630737305], "per_class_recall": [0.0, 100.0]}